work,title,cdm_types,cdm_type_labels,resource_types,resource_type_labels,eurovoc_concepts,eurovoc_concept_labels,subject_matters,subject_matter_labels,directory_codes,directory_codes_labels,celex_numbers,legal_elis,id_documents,same_as_uris,authors,author_labels,full_ojs,oj_sectors,internal_comments,is_in_force,dates_document,dates_created,legal_dates_entry_into_force,legal_dates_signature,manifs_pdf,manifs_html,pdfs_to_download,htmls_to_download
http://publications.europa.eu/resource/cellar/00348c0c-c2c0-413b-b0d9-ca6519907f9d,"TREATY ESTABLISHING THE EUROPEAN COAL AND STEEL COMMUNITY ( ECSC ), CONVENTION ON CERTAIN INSTITUTIONS COMMON TO THE EUROPEAN COMMUNITIES, SECTION I: THE ASSEMBLY, ARTICLE 1","http://publications.europa.eu/ontology/cdm#resource_legal, http://publications.europa.eu/ontology/cdm#treaty, http://publications.europa.eu/ontology/cdm#work","",http://publications.europa.eu/resource/authority/resource-type/TREATY,Treaty,"","",http://publications.europa.eu/resource/authority/fd_070/INST,Provisions governing the Institutions,"","",11957K/TXT,"",celex:11957K/TXT,http://publications.europa.eu/resource/celex/11957K%2FTXT,http://publications.europa.eu/resource/authority/corporate-body/EUMS6,"The six Member States: Belgium, Germany, France, Italy, Luxembourg, Netherlands","",1,"",0,1957-03-25,2014-07-18,1958-01-01,1957-03-25,"","",/zip,/zip
http://publications.europa.eu/resource/cellar/0309b11b-f7a9-4763-a52b-cba8ada43934,"Treaty of Nice amending the Treaty on European Union, the Treaties establishing the European Communities and certain related acts","http://publications.europa.eu/ontology/cdm#resource_legal, http://publications.europa.eu/ontology/cdm#treaty, http://publications.europa.eu/ontology/cdm#work","",http://publications.europa.eu/resource/authority/resource-type/TREATY,Treaty,"http://eurovoc.europa.eu/5343, http://eurovoc.europa.eu/5871","European Community, revision of the Treaty (EU)","http://publications.europa.eu/resource/authority/fd_070/DGEN, http://publications.europa.eu/resource/authority/fd_070/PRIN","General provisions, Principles, objectives and tasks of the Treaties","","",12001C/TXT,http://data.europa.eu/eli/treaty/nice/sign,celex:12001C/TXT,"http://publications.europa.eu/resource/celex/12001C%2FTXT, http://publications.europa.eu/resource/eli/treaty/nice/sign",http://publications.europa.eu/resource/authority/corporate-body/EUMS15,"The fifteen Member States: Belgium, Denmark, Germany, Ireland, Greece, Spain, France, Italy, Luxembourg, Netherlands, Austria, Portugal, Finland, Sweden, United Kingdom",http://publications.europa.eu/resource/cellar/4b785c68-54be-47c3-9033-8c8a1c18e27d,1,"",1,2001-02-26,2014-07-18,2003-02-01,2001-02-26,http://publications.europa.eu/resource/cellar/0309b11b-f7a9-4763-a52b-cba8ada43934.0004.02,http://publications.europa.eu/resource/cellar/0309b11b-f7a9-4763-a52b-cba8ada43934.0004.01,http://publications.europa.eu/resource/cellar/0309b11b-f7a9-4763-a52b-cba8ada43934.0004.02/zip,http://publications.europa.eu/resource/cellar/0309b11b-f7a9-4763-a52b-cba8ada43934.0004.01/zip
http://publications.europa.eu/resource/cellar/1bb794fd-ff14-4d97-b9e8-7618500b098f,Treaty amending certain financial provisions,"http://publications.europa.eu/ontology/cdm#resource_legal, http://publications.europa.eu/ontology/cdm#treaty, http://publications.europa.eu/ontology/cdm#work","",http://publications.europa.eu/resource/authority/resource-type/TREATY,Treaty,"","",http://publications.europa.eu/resource/authority/fd_070/INST,Provisions governing the Institutions,"","",11975R/TXT,http://data.europa.eu/eli/treaty/finan_1975/sign,"celex:11975R/TXT, oj:JOL_1977_359_R_0001_001","http://publications.europa.eu/resource/celex/11975R%2FTXT, http://publications.europa.eu/resource/eli/treaty/finan_1975/sign, http://publications.europa.eu/resource/oj/JOL_1977_359_R_0001_001",http://publications.europa.eu/resource/authority/corporate-body/EUMS9,"The nine Member States: Belgium, Denmark, Germany, Ireland, France, Italy, Luxembourg, Netherlands, United Kingdom","",1,"",1,1975-07-22,2014-05-19,1977-06-01,1975-07-22,http://publications.europa.eu/resource/cellar/1bb794fd-ff14-4d97-b9e8-7618500b098f.0006.01,"",http://publications.europa.eu/resource/cellar/1bb794fd-ff14-4d97-b9e8-7618500b098f.0006.01/zip,/zip
http://publications.europa.eu/resource/cellar/20e2519e-c2d9-4b23-86ed-7b65a7dd81ec,Charter of Fundamental Rights of the European Union,"http://publications.europa.eu/ontology/cdm#resource_legal, http://publications.europa.eu/ontology/cdm#treaty, http://publications.europa.eu/ontology/cdm#work","",http://publications.europa.eu/resource/authority/resource-type/TREATY,Treaty,"","",http://publications.europa.eu/resource/authority/fd_070/DDLH,Human rights,"","",12012P/TXT,http://data.europa.eu/eli/treaty/char_2012/oj,celex:12012P/TXT,"http://publications.europa.eu/resource/celex/12012P%2FTXT, http://publications.europa.eu/resource/eli/treaty/char_2012/oj",http://publications.europa.eu/resource/authority/corporate-body/EUMS,The Member States,http://publications.europa.eu/resource/cellar/e7d644d3-1e8c-11e2-91ce-01aa75ed71a1,1,"",1,2012-10-26,2016-02-02,2009-12-01,2007-12-12,http://publications.europa.eu/resource/cellar/20e2519e-c2d9-4b23-86ed-7b65a7dd81ec.0020.02,http://publications.europa.eu/resource/cellar/20e2519e-c2d9-4b23-86ed-7b65a7dd81ec.0020.03,http://publications.europa.eu/resource/cellar/20e2519e-c2d9-4b23-86ed-7b65a7dd81ec.0020.02/zip,http://publications.europa.eu/resource/cellar/20e2519e-c2d9-4b23-86ed-7b65a7dd81ec.0020.03/zip
http://publications.europa.eu/resource/cellar/23f43622-e0c4-44c5-a4cb-f336c5c0a545,Consolidated version of the Treaty on European Union,"http://publications.europa.eu/ontology/cdm#resource_legal, http://publications.europa.eu/ontology/cdm#treaty, http://publications.europa.eu/ontology/cdm#work","",http://publications.europa.eu/resource/authority/resource-type/TREATY,Treaty,"","","http://publications.europa.eu/resource/authority/fd_070/DGEN, http://publications.europa.eu/resource/authority/fd_070/PRIN","General provisions, Principles, objectives and tasks of the Treaties","","",12010M/TXT,http://data.europa.eu/eli/treaty/teu_2010/oj,celex:12010M/TXT,"http://publications.europa.eu/resource/celex/12010M%2FTXT, http://publications.europa.eu/resource/eli/treaty/teu_2010/oj",http://publications.europa.eu/resource/authority/corporate-body/EUMS,The Member States,http://publications.europa.eu/resource/cellar/04104d68-39df-46f3-b8c1-c7e2e712f6e9,1,"",1,2010-03-30,2014-05-19,1993-11-01,1992-02-07,http://publications.europa.eu/resource/cellar/23f43622-e0c4-44c5-a4cb-f336c5c0a545.0007.03,"",http://publications.europa.eu/resource/cellar/23f43622-e0c4-44c5-a4cb-f336c5c0a545.0007.03/zip,/zip
http://publications.europa.eu/resource/cellar/2bf140bf-a3f8-4ab2-b506-fd71826e6da6,Consolidated version of the Treaty on European Union,"http://publications.europa.eu/ontology/cdm#resource_legal, http://publications.europa.eu/ontology/cdm#treaty, http://publications.europa.eu/ontology/cdm#work","",http://publications.europa.eu/resource/authority/resource-type/TREATY,Treaty,"","","http://publications.europa.eu/resource/authority/fd_070/DGEN, http://publications.europa.eu/resource/authority/fd_070/PRIN","General provisions, Principles, objectives and tasks of the Treaties","","",12012M/TXT,http://data.europa.eu/eli/treaty/teu_2012/oj,celex:12012M/TXT,"http://publications.europa.eu/resource/celex/12012M%2FTXT, http://publications.europa.eu/resource/eli/treaty/teu_2012/oj",http://publications.europa.eu/resource/authority/corporate-body/EUMS,The Member States,http://publications.europa.eu/resource/cellar/e7d644d3-1e8c-11e2-91ce-01aa75ed71a1,1,"",1,2012-10-26,2016-06-22,1993-11-01,1992-02-07,http://publications.europa.eu/resource/cellar/2bf140bf-a3f8-4ab2-b506-fd71826e6da6.0023.02,http://publications.europa.eu/resource/cellar/2bf140bf-a3f8-4ab2-b506-fd71826e6da6.0023.01,http://publications.europa.eu/resource/cellar/2bf140bf-a3f8-4ab2-b506-fd71826e6da6.0023.02/zip,http://publications.europa.eu/resource/cellar/2bf140bf-a3f8-4ab2-b506-fd71826e6da6.0023.01/zip
http://publications.europa.eu/resource/cellar/3693ccfc-5020-4fce-9896-bb1f06284a28,Treaty establishing the European Atomic Energy Community,"http://publications.europa.eu/ontology/cdm#resource_legal, http://publications.europa.eu/ontology/cdm#treaty, http://publications.europa.eu/ontology/cdm#work","",http://publications.europa.eu/resource/authority/resource-type/TREATY,Treaty,"","","http://publications.europa.eu/resource/authority/fd_070/DGEN, http://publications.europa.eu/resource/authority/fd_070/NUCL, http://publications.europa.eu/resource/authority/fd_070/PRIN","General provisions, Nuclear common market, Principles, objectives and tasks of the Treaties","","",11957A/TXT,http://data.europa.eu/eli/treaty/euratom/sign,celex:11957A/TXT,"http://publications.europa.eu/resource/celex/11957A%2FTXT, http://publications.europa.eu/resource/eli/treaty/euratom/sign",http://publications.europa.eu/resource/authority/corporate-body/EUMS6,"The six Member States: Belgium, Germany, France, Italy, Luxembourg, Netherlands","",1,"",1,1957-03-25,2014-07-19,1958-01-01,1957-03-25,http://publications.europa.eu/resource/cellar/3693ccfc-5020-4fce-9896-bb1f06284a28.0006.01,"",http://publications.europa.eu/resource/cellar/3693ccfc-5020-4fce-9896-bb1f06284a28.0006.01/zip,/zip
http://publications.europa.eu/resource/cellar/4543e868-c347-11e4-bbe1-01aa75ed71a1,"ACT concerning the conditions of accession of the Kingdom of Norway, the Republic of Austria, the Republic of Finland and the Kingdom of Sweden and the adjustments to the Treaties on which the European Union is founded, Contents","http://publications.europa.eu/ontology/cdm#resource_legal, http://publications.europa.eu/ontology/cdm#treaty, http://publications.europa.eu/ontology/cdm#work","",http://publications.europa.eu/resource/authority/resource-type/TREATY,Treaty,"","",http://publications.europa.eu/resource/authority/fd_070/ADH,Accession,"","",11994N/TXT,http://data.europa.eu/eli/treaty/acc_1994/sign,celex:11994N/TXT,"http://publications.europa.eu/resource/celex/11994N%2FTXT, http://publications.europa.eu/resource/eli/treaty/acc_1994/sign","http://publications.europa.eu/resource/authority/corporate-body/EUMS12, http://publications.europa.eu/resource/authority/country/AUT, http://publications.europa.eu/resource/authority/country/FIN, http://publications.europa.eu/resource/authority/country/NOR, http://publications.europa.eu/resource/authority/country/SWE","Austria, Finland, Norway, Sweden, The twelve Member States: Belgium, Denmark, Germany, Ireland, Greece, Spain, France, Italy, Luxembourg, Netherlands, Portugal, United Kingdom",http://publications.europa.eu/resource/cellar/2ffd0243-f4d6-4c08-9edb-bdc57b73c5c5,1,"",1,1994-06-24,2015-03-05,1995-01-01,1994-06-24,http://publications.europa.eu/resource/cellar/4543e868-c347-11e4-bbe1-01aa75ed71a1.0008.02,http://publications.europa.eu/resource/cellar/4543e868-c347-11e4-bbe1-01aa75ed71a1.0008.01,http://publications.europa.eu/resource/cellar/4543e868-c347-11e4-bbe1-01aa75ed71a1.0008.02/zip,http://publications.europa.eu/resource/cellar/4543e868-c347-11e4-bbe1-01aa75ed71a1.0008.01/zip
http://publications.europa.eu/resource/cellar/59004c48-24c7-4f6e-88f6-244805c3d3e2,TREATY ESTABLISHING THE EUROPEAN COAL AND STEEL COMMUNITY ( ECSC ),"http://publications.europa.eu/ontology/cdm#resource_legal, http://publications.europa.eu/ontology/cdm#treaty, http://publications.europa.eu/ontology/cdm#work","",http://publications.europa.eu/resource/authority/resource-type/TREATY,Treaty,"","","http://publications.europa.eu/resource/authority/fd_070/DGEN, http://publications.europa.eu/resource/authority/fd_070/PRIN","General provisions, Principles, objectives and tasks of the Treaties","","",11956K/TXT,http://data.europa.eu/eli/treaty/ceca_amnd_1956/sign,celex:11956K/TXT,"http://publications.europa.eu/resource/celex/11956K%2FTXT, http://publications.europa.eu/resource/eli/treaty/ceca_amnd_1956/sign",http://publications.europa.eu/resource/authority/corporate-body/EUMS6,"The six Member States: Belgium, Germany, France, Italy, Luxembourg, Netherlands","",1,"",0,1956-10-27,2014-07-18,1957-01-01,1956-10-27,"","",/zip,/zip
http://publications.europa.eu/resource/cellar/5c4e8b14-ffa6-44d8-9f9b-2cb0c0b81ef8,Consolidated version of the Treaty establishing the European Atomic Energy Community,"http://publications.europa.eu/ontology/cdm#resource_legal, http://publications.europa.eu/ontology/cdm#treaty, http://publications.europa.eu/ontology/cdm#work","",http://publications.europa.eu/resource/authority/resource-type/TREATY,Treaty,"","","http://publications.europa.eu/resource/authority/fd_070/DGEN, http://publications.europa.eu/resource/authority/fd_070/NUCL, http://publications.europa.eu/resource/authority/fd_070/PRIN","General provisions, Nuclear common market, Principles, objectives and tasks of the Treaties","","",12012A/TXT,http://data.europa.eu/eli/treaty/euratom_2012/oj,celex:12012A/TXT,"http://publications.europa.eu/resource/celex/12012A%2FTXT, http://publications.europa.eu/resource/eli/treaty/euratom_2012/oj",http://publications.europa.eu/resource/authority/corporate-body/EUMS,The Member States,http://publications.europa.eu/resource/cellar/60867444-1c4d-11e2-91ce-01aa75ed71a1,1,"",1,2012-10-26,2016-02-02,1958-01-01,1957-03-25,http://publications.europa.eu/resource/cellar/5c4e8b14-ffa6-44d8-9f9b-2cb0c0b81ef8.0004.02,http://publications.europa.eu/resource/cellar/5c4e8b14-ffa6-44d8-9f9b-2cb0c0b81ef8.0004.03,http://publications.europa.eu/resource/cellar/5c4e8b14-ffa6-44d8-9f9b-2cb0c0b81ef8.0004.02/zip,http://publications.europa.eu/resource/cellar/5c4e8b14-ffa6-44d8-9f9b-2cb0c0b81ef8.0004.03/zip
http://publications.europa.eu/resource/cellar/5ee702da-4e52-4d5f-a38b-b76c1b1d0fbd,Treaty establishing the European Community,"http://publications.europa.eu/ontology/cdm#resource_legal, http://publications.europa.eu/ontology/cdm#treaty, http://publications.europa.eu/ontology/cdm#work","",http://publications.europa.eu/resource/authority/resource-type/TREATY,Treaty,"","","http://publications.europa.eu/resource/authority/fd_070/DGEN, http://publications.europa.eu/resource/authority/fd_070/PRIN","General provisions, Principles, objectives and tasks of the Treaties","","",11992E/TXT,http://data.europa.eu/eli/treaty/tec_1992/oj,celex:11992E/TXT,"http://publications.europa.eu/resource/celex/11992E%2FTXT, http://publications.europa.eu/resource/eli/treaty/tec_1992/oj",http://publications.europa.eu/resource/authority/corporate-body/EUMS12,"The twelve Member States: Belgium, Denmark, Germany, Ireland, Greece, Spain, France, Italy, Luxembourg, Netherlands, Portugal, United Kingdom",http://publications.europa.eu/resource/cellar/3b9a6d0a-c090-4590-8d2b-5f6f2ae6e882,1,"",1,1992-08-31,2014-07-18,1958-01-01,1957-03-25,"http://publications.europa.eu/resource/cellar/5ee702da-4e52-4d5f-a38b-b76c1b1d0fbd.0006.02, http://publications.europa.eu/resource/cellar/5ee702da-4e52-4d5f-a38b-b76c1b1d0fbd.0006.04",http://publications.europa.eu/resource/cellar/5ee702da-4e52-4d5f-a38b-b76c1b1d0fbd.0006.01,"http://publications.europa.eu/resource/cellar/5ee702da-4e52-4d5f-a38b-b76c1b1d0fbd.0006.02/zip, http://publications.europa.eu/resource/cellar/5ee702da-4e52-4d5f-a38b-b76c1b1d0fbd.0006.04/zip",http://publications.europa.eu/resource/cellar/5ee702da-4e52-4d5f-a38b-b76c1b1d0fbd.0006.01/zip
http://publications.europa.eu/resource/cellar/6820bb61-879e-454d-9c8e-cbfc68f1d942,Treaty establishing the European Economic Community,"http://publications.europa.eu/ontology/cdm#resource_legal, http://publications.europa.eu/ontology/cdm#treaty, http://publications.europa.eu/ontology/cdm#work","",http://publications.europa.eu/resource/authority/resource-type/TREATY,Treaty,"","","http://publications.europa.eu/resource/authority/fd_070/DGEN, http://publications.europa.eu/resource/authority/fd_070/PRIN","General provisions, Principles, objectives and tasks of the Treaties","","",11957E/TXT,http://data.europa.eu/eli/treaty/teec/sign,celex:11957E/TXT,"http://publications.europa.eu/resource/celex/11957E%2FTXT, http://publications.europa.eu/resource/eli/treaty/teec/sign",http://publications.europa.eu/resource/authority/corporate-body/EUMS6,"The six Member States: Belgium, Germany, France, Italy, Luxembourg, Netherlands","",1,"",1,1957-03-25,2014-07-19,1958-01-01,1957-03-25,"","",/zip,/zip
http://publications.europa.eu/resource/cellar/688a7a98-3110-4ffe-a6b3-8972d8445325,"Treaty of Lisbon amending the Treaty on European Union and the Treaty establishing the European Community, signed at Lisbon, 13 December 2007","http://publications.europa.eu/ontology/cdm#resource_legal, http://publications.europa.eu/ontology/cdm#treaty, http://publications.europa.eu/ontology/cdm#work","",http://publications.europa.eu/resource/authority/resource-type/TREATY,Treaty,"","","http://publications.europa.eu/resource/authority/fd_070/DGEN, http://publications.europa.eu/resource/authority/fd_070/PRIN","General provisions, Principles, objectives and tasks of the Treaties","","",12007L/TXT,http://data.europa.eu/eli/treaty/lis/sign,celex:12007L/TXT,"http://publications.europa.eu/resource/celex/12007L%2FTXT, http://publications.europa.eu/resource/eli/treaty/lis/sign",http://publications.europa.eu/resource/authority/corporate-body/EUMS,The Member States,http://publications.europa.eu/resource/cellar/71382e06-cfe6-4f9a-85e2-c0ca5ef0b46c,1,"",1,2007-12-13,2014-08-11,2009-12-01,2007-12-13,http://publications.europa.eu/resource/cellar/688a7a98-3110-4ffe-a6b3-8972d8445325.0007.01,http://publications.europa.eu/resource/cellar/688a7a98-3110-4ffe-a6b3-8972d8445325.0007.02,http://publications.europa.eu/resource/cellar/688a7a98-3110-4ffe-a6b3-8972d8445325.0007.01/zip,http://publications.europa.eu/resource/cellar/688a7a98-3110-4ffe-a6b3-8972d8445325.0007.02/zip
http://publications.europa.eu/resource/cellar/6f201cf4-b6c7-4fdb-b9b5-a8c7db057d6b,"Treaty between the Kingdom of Belgium, the Kingdom of Denmark, the Federal Republic of Germany, the Hellenic Republic, the Kingdom of Spain, the French Republic, Ireland, the Italian Republic, the Grand Duchy of Luxembourg, the Kingdom of the Netherlands, the Republic of Austria, the Portuguese Republic, the Republic of Finland, the Kingdom of Sweden, the United Kingdom of Great Britain and Northern Ireland (Member States of the European Union) and the Czech Republic, the Republic of Estonia, the Republic of Cyprus, the Republic of Latvia, the Republic of Lithuania, the Republic of Hungary, the Republic of Malta, the Republic of Poland, the Republic of Slovenia, the Slovak Republic, concerning the accession of the Czech Republic, the Republic of Estonia, the Republic of Cyprus, the Republic of Latvia, the Republic of Lithuania, the Republic of Hungary, the Republic of Malta, the Republic of Poland, the Republic of Slovenia and the Slovak Republic to the European Union","http://publications.europa.eu/ontology/cdm#resource_legal, http://publications.europa.eu/ontology/cdm#treaty, http://publications.europa.eu/ontology/cdm#work","",http://publications.europa.eu/resource/authority/resource-type/TREATY,Treaty,"","",http://publications.europa.eu/resource/authority/fd_070/ADH,Accession,"","",12003T/TXT,http://data.europa.eu/eli/treaty/acc_2003/sign,celex:12003T/TXT,"http://publications.europa.eu/resource/celex/12003T%2FTXT, http://publications.europa.eu/resource/eli/treaty/acc_2003/sign","http://publications.europa.eu/resource/authority/corporate-body/EUMS15, http://publications.europa.eu/resource/authority/country/CYP, http://publications.europa.eu/resource/authority/country/CZE, http://publications.europa.eu/resource/authority/country/EST, http://publications.europa.eu/resource/authority/country/HUN, http://publications.europa.eu/resource/authority/country/LTU, http://publications.europa.eu/resource/authority/country/LVA, http://publications.europa.eu/resource/authority/country/MLT, http://publications.europa.eu/resource/authority/country/POL, http://publications.europa.eu/resource/authority/country/SVK, http://publications.europa.eu/resource/authority/country/SVN","Cyprus, Czechia, Estonia, Hungary, Latvia, Lithuania, Malta, Poland, Slovakia, Slovenia, The fifteen Member States: Belgium, Denmark, Germany, Ireland, Greece, Spain, France, Italy, Luxembourg, Netherlands, Austria, Portugal, Finland, Sweden, United Kingdom",http://publications.europa.eu/resource/cellar/26d3a8af-048c-40af-a2dd-50af6649926c,1,"",1,2003-04-16,2016-02-02,2004-05-01,2003-04-16,http://publications.europa.eu/resource/cellar/6f201cf4-b6c7-4fdb-b9b5-a8c7db057d6b.0004.03,http://publications.europa.eu/resource/cellar/6f201cf4-b6c7-4fdb-b9b5-a8c7db057d6b.0004.02,http://publications.europa.eu/resource/cellar/6f201cf4-b6c7-4fdb-b9b5-a8c7db057d6b.0004.03/zip,http://publications.europa.eu/resource/cellar/6f201cf4-b6c7-4fdb-b9b5-a8c7db057d6b.0004.02/zip
http://publications.europa.eu/resource/cellar/73f6085f-5974-497f-907c-997f7b158150,"Treaty between the Kingdom of Belgium, the Czech Republic, the Kingdom of Denmark, the Federal Republic of Germany, the Republic of Estonia, the Hellenic Republic, the Kingdom of Spain, the French Republic, Ireland, the Italian Republic, the Republic of Cyprus, the Republic of Latvia, the Republic of Lithuania, the Grand Duchy of Luxembourg, the Republic of Hungary, the Republic of Malta, the Kingdom of the Netherlands, the Republic of Austria, the Republic of Poland, the Portuguese Republic, the Republic of Slovenia, the Slovak Republic, the Republic of Finland, the Kingdom of Sweden, the United Kingdom of Great Britain and Northern Ireland (Member States of the European Union) and the Republic of Bulgaria and Romania, concerning the accession of the Republic of Bulgaria and Romania to the European Union","http://publications.europa.eu/ontology/cdm#resource_legal, http://publications.europa.eu/ontology/cdm#treaty, http://publications.europa.eu/ontology/cdm#work","",http://publications.europa.eu/resource/authority/resource-type/TREATY,Treaty,"","","http://publications.europa.eu/resource/authority/fd_070/ADH, http://publications.europa.eu/resource/authority/fd_070/PRIN","Accession, Principles, objectives and tasks of the Treaties","","",12005S/TXT,http://data.europa.eu/eli/treaty/acc_2005/sign,celex:12005S/TXT,"http://publications.europa.eu/resource/celex/12005S%2FTXT, http://publications.europa.eu/resource/eli/treaty/acc_2005/sign","http://publications.europa.eu/resource/authority/corporate-body/EUMS, http://publications.europa.eu/resource/authority/country/BGR, http://publications.europa.eu/resource/authority/country/ROU","Bulgaria, Romania, The Member States",http://publications.europa.eu/resource/cellar/a244bdda-25a1-46c7-80a8-4887dc86f0bf,1,"",1,2005-04-25,2016-02-02,2007-01-01,2005-04-25,http://publications.europa.eu/resource/cellar/73f6085f-5974-497f-907c-997f7b158150.0006.02,http://publications.europa.eu/resource/cellar/73f6085f-5974-497f-907c-997f7b158150.0006.03,http://publications.europa.eu/resource/cellar/73f6085f-5974-497f-907c-997f7b158150.0006.02/zip,http://publications.europa.eu/resource/cellar/73f6085f-5974-497f-907c-997f7b158150.0006.03/zip
http://publications.europa.eu/resource/cellar/7734bd6d-1870-4310-9b8c-db6214b1918d,Single European Act,"http://publications.europa.eu/ontology/cdm#resource_legal, http://publications.europa.eu/ontology/cdm#treaty, http://publications.europa.eu/ontology/cdm#work","",http://publications.europa.eu/resource/authority/resource-type/TREATY,Treaty,"","","http://publications.europa.eu/resource/authority/fd_070/DGEN, http://publications.europa.eu/resource/authority/fd_070/PRIN","General provisions, Principles, objectives and tasks of the Treaties","","",11986U/TXT,http://data.europa.eu/eli/treaty/sea/sign,celex:11986U/TXT,"http://publications.europa.eu/resource/celex/11986U%2FTXT, http://publications.europa.eu/resource/eli/treaty/sea/sign",http://publications.europa.eu/resource/authority/corporate-body/EUMS12,"The twelve Member States: Belgium, Denmark, Germany, Ireland, Greece, Spain, France, Italy, Luxembourg, Netherlands, Portugal, United Kingdom",http://publications.europa.eu/resource/cellar/be8c8a3d-3a5f-464f-a668-bea658d1e5dc,1,"",1,1986-02-17,2014-07-18,1987-07-01,1986-02-17,"http://publications.europa.eu/resource/cellar/7734bd6d-1870-4310-9b8c-db6214b1918d.0006.01, http://publications.europa.eu/resource/cellar/7734bd6d-1870-4310-9b8c-db6214b1918d.0006.03","","http://publications.europa.eu/resource/cellar/7734bd6d-1870-4310-9b8c-db6214b1918d.0006.01/zip, http://publications.europa.eu/resource/cellar/7734bd6d-1870-4310-9b8c-db6214b1918d.0006.03/zip",/zip
http://publications.europa.eu/resource/cellar/7d17fd1d-387a-4157-89fc-dd826aa2d606,"Documents concerning the accession to the european communities of the Kingdom of Denmark, Ireland, the kingdom of Norway and the united kingdom of Great Britain and Northern Ireland","http://publications.europa.eu/ontology/cdm#resource_legal, http://publications.europa.eu/ontology/cdm#treaty, http://publications.europa.eu/ontology/cdm#work","",http://publications.europa.eu/resource/authority/resource-type/TREATY,Treaty,"","",http://publications.europa.eu/resource/authority/fd_070/ADH,Accession,"","",11972B/TXT,http://data.europa.eu/eli/treaty/acc_1972/sign,celex:11972B/TXT,"http://publications.europa.eu/resource/celex/11972B%2FTXT, http://publications.europa.eu/resource/eli/treaty/acc_1972/sign","http://publications.europa.eu/resource/authority/corporate-body/EUMS6, http://publications.europa.eu/resource/authority/country/DNK, http://publications.europa.eu/resource/authority/country/GBR, http://publications.europa.eu/resource/authority/country/IRL, http://publications.europa.eu/resource/authority/country/NOR","Denmark, Ireland, Norway, The six Member States: Belgium, Germany, France, Italy, Luxembourg, Netherlands, United Kingdom",http://publications.europa.eu/resource/cellar/7f6678c2-188b-41de-a8b3-08f40d5302d0,1,"",1,1972-01-22,2014-07-18,1973-01-01,1970-04-22,"http://publications.europa.eu/resource/cellar/7d17fd1d-387a-4157-89fc-dd826aa2d606.0006.01, http://publications.europa.eu/resource/cellar/7d17fd1d-387a-4157-89fc-dd826aa2d606.0006.03","","http://publications.europa.eu/resource/cellar/7d17fd1d-387a-4157-89fc-dd826aa2d606.0006.01/zip, http://publications.europa.eu/resource/cellar/7d17fd1d-387a-4157-89fc-dd826aa2d606.0006.03/zip",/zip
http://publications.europa.eu/resource/cellar/9b26fbed-8ea4-4dc8-9207-d47ef764a42c,"Treaty amending, with regard to Greenland, the Treaties establishing the European Communities","http://publications.europa.eu/ontology/cdm#resource_legal, http://publications.europa.eu/ontology/cdm#treaty, http://publications.europa.eu/ontology/cdm#work","",http://publications.europa.eu/resource/authority/resource-type/TREATY,Treaty,"","","http://publications.europa.eu/resource/authority/fd_070/DGEN, http://publications.europa.eu/resource/authority/fd_070/PRIN, http://publications.europa.eu/resource/authority/fd_070/PTOM","General provisions, Overseas countries and territories, Principles, objectives and tasks of the Treaties","","",11985G/TXT,http://data.europa.eu/eli/treaty/tgreenl/sign,celex:11985G/TXT,"http://publications.europa.eu/resource/celex/11985G%2FTXT, http://publications.europa.eu/resource/eli/treaty/tgreenl/sign",http://publications.europa.eu/resource/authority/corporate-body/EUMS10,"The ten Member States: Belgium, Denmark, Germany, Ireland, Greece, France, Italy, Luxembourg, Netherlands, United Kingdom",http://publications.europa.eu/resource/cellar/d300520d-1a96-43f2-ab6c-0fd8bccb3737,1,"",1,1984-03-13,2014-05-19,1985-01-01,1984-03-13,"http://publications.europa.eu/resource/cellar/9b26fbed-8ea4-4dc8-9207-d47ef764a42c.0006.01, http://publications.europa.eu/resource/cellar/9b26fbed-8ea4-4dc8-9207-d47ef764a42c.0006.03","","http://publications.europa.eu/resource/cellar/9b26fbed-8ea4-4dc8-9207-d47ef764a42c.0006.01/zip, http://publications.europa.eu/resource/cellar/9b26fbed-8ea4-4dc8-9207-d47ef764a42c.0006.03/zip",/zip
http://publications.europa.eu/resource/cellar/9e8d52e1-2c70-11e6-b497-01aa75ed71a1,"Consolidated versions of the Treaty on European Union and the Treaty on the Functioning of the European Union Consolidated version of the Treaty on European Union Consolidated version of the Treaty on the Functioning of the European Union Protocols Annexes to the Treaty on the Functioning of the European Union Declarations annexed to the Final Act of the Intergovernmental Conference which adopted the Treaty of Lisbon, signed on 13 December 2007 Tables of equivalences","http://publications.europa.eu/ontology/cdm#resource_legal, http://publications.europa.eu/ontology/cdm#treaty, http://publications.europa.eu/ontology/cdm#work","",http://publications.europa.eu/resource/authority/resource-type/TREATY,Treaty,"","","http://publications.europa.eu/resource/authority/fd_070/DGEN, http://publications.europa.eu/resource/authority/fd_070/PRIN","General provisions, Principles, objectives and tasks of the Treaties","","",12016ME/TXT,"","celex:12016ME/TXT, oj:JOC_2016_202_R_0001","http://publications.europa.eu/resource/celex/12016ME%2FTXT, http://publications.europa.eu/resource/oj/JOC_2016_202_R_0001",http://publications.europa.eu/resource/authority/corporate-body/EUMS,The Member States,http://publications.europa.eu/resource/cellar/a69feecd-2c6f-11e6-b497-01aa75ed71a1,1,"","",2016-06-07,"","","",http://publications.europa.eu/resource/cellar/9e8d52e1-2c70-11e6-b497-01aa75ed71a1.0006.01,http://publications.europa.eu/resource/cellar/9e8d52e1-2c70-11e6-b497-01aa75ed71a1.0006.03,http://publications.europa.eu/resource/cellar/9e8d52e1-2c70-11e6-b497-01aa75ed71a1.0006.01/zip,http://publications.europa.eu/resource/cellar/9e8d52e1-2c70-11e6-b497-01aa75ed71a1.0006.03/zip
http://publications.europa.eu/resource/cellar/ad9281a2-d3e9-4440-ad24-27713bf38eca,Treaty on European Union (Consolidated version 2002),"http://publications.europa.eu/ontology/cdm#resource_legal, http://publications.europa.eu/ontology/cdm#treaty, http://publications.europa.eu/ontology/cdm#work","",http://publications.europa.eu/resource/authority/resource-type/TREATY,Treaty,"","","http://publications.europa.eu/resource/authority/fd_070/DGEN, http://publications.europa.eu/resource/authority/fd_070/PRIN","General provisions, Principles, objectives and tasks of the Treaties","","",12002M/TXT,http://data.europa.eu/eli/treaty/teu_2002/oj,celex:12002M/TXT,"http://publications.europa.eu/resource/celex/12002M%2FTXT, http://publications.europa.eu/resource/eli/treaty/teu_2002/oj",http://publications.europa.eu/resource/authority/corporate-body/EUMS15,"The fifteen Member States: Belgium, Denmark, Germany, Ireland, Greece, Spain, France, Italy, Luxembourg, Netherlands, Austria, Portugal, Finland, Sweden, United Kingdom",http://publications.europa.eu/resource/cellar/92222d07-3ada-4801-853e-96210c6bd021,1,"",1,2002-12-24,2016-02-02,1993-11-01,1992-02-07,http://publications.europa.eu/resource/cellar/ad9281a2-d3e9-4440-ad24-27713bf38eca.0005.02,http://publications.europa.eu/resource/cellar/ad9281a2-d3e9-4440-ad24-27713bf38eca.0005.01,http://publications.europa.eu/resource/cellar/ad9281a2-d3e9-4440-ad24-27713bf38eca.0005.02/zip,http://publications.europa.eu/resource/cellar/ad9281a2-d3e9-4440-ad24-27713bf38eca.0005.01/zip
http://publications.europa.eu/resource/cellar/afe8bda9-0461-41a1-8f1e-bd31da7e234e,Treaty establishing a Constitution for Europe,"http://publications.europa.eu/ontology/cdm#resource_legal, http://publications.europa.eu/ontology/cdm#treaty, http://publications.europa.eu/ontology/cdm#work","",http://publications.europa.eu/resource/authority/resource-type/TREATY,Treaty,"","","http://publications.europa.eu/resource/authority/fd_070/DGEN, http://publications.europa.eu/resource/authority/fd_070/PRIN","General provisions, Principles, objectives and tasks of the Treaties","","",12004V/TXT,http://data.europa.eu/eli/treaty/tcons_2004/oj,celex:12004V/TXT,"http://publications.europa.eu/resource/celex/12004V%2FTXT, http://publications.europa.eu/resource/eli/treaty/tcons_2004/oj",http://publications.europa.eu/resource/authority/corporate-body/EUMS,The Member States,http://publications.europa.eu/resource/cellar/7ae3fd7e-8820-413e-8350-b85f9daaab0c,1,"",0,2004-10-29,2014-05-19,1001-01-01,2004-10-29,http://publications.europa.eu/resource/cellar/afe8bda9-0461-41a1-8f1e-bd31da7e234e.0006.01,"",http://publications.europa.eu/resource/cellar/afe8bda9-0461-41a1-8f1e-bd31da7e234e.0006.01/zip,/zip
http://publications.europa.eu/resource/cellar/b2d5d24a-d54f-4018-80e9-57635722c696,Treaty establishing the European Community (Consolidated version 2006),"http://publications.europa.eu/ontology/cdm#resource_legal, http://publications.europa.eu/ontology/cdm#treaty, http://publications.europa.eu/ontology/cdm#work","",http://publications.europa.eu/resource/authority/resource-type/TREATY,Treaty,"","","http://publications.europa.eu/resource/authority/fd_070/DGEN, http://publications.europa.eu/resource/authority/fd_070/PRIN","General provisions, Principles, objectives and tasks of the Treaties","","",12006E/TXT,http://data.europa.eu/eli/treaty/tec_2006/oj,celex:12006E/TXT,"http://publications.europa.eu/resource/celex/12006E%2FTXT, http://publications.europa.eu/resource/eli/treaty/tec_2006/oj",http://publications.europa.eu/resource/authority/corporate-body/EUMS,The Member States,http://publications.europa.eu/resource/cellar/63dc2d51-7fa4-4ca7-8a6d-fe314c089dc1,1,"",1,2006-12-29,2014-05-19,1958-01-01,1957-03-25,http://publications.europa.eu/resource/cellar/b2d5d24a-d54f-4018-80e9-57635722c696.0006.03,http://publications.europa.eu/resource/cellar/b2d5d24a-d54f-4018-80e9-57635722c696.0006.01,http://publications.europa.eu/resource/cellar/b2d5d24a-d54f-4018-80e9-57635722c696.0006.03/zip,http://publications.europa.eu/resource/cellar/b2d5d24a-d54f-4018-80e9-57635722c696.0006.01/zip
http://publications.europa.eu/resource/cellar/be5e2d55-4a52-4da9-abaa-4c673c6716b4,Treaty establishing the European Community (Consolidated version 2002),"http://publications.europa.eu/ontology/cdm#resource_legal, http://publications.europa.eu/ontology/cdm#treaty, http://publications.europa.eu/ontology/cdm#work","",http://publications.europa.eu/resource/authority/resource-type/TREATY,Treaty,"","","http://publications.europa.eu/resource/authority/fd_070/DGEN, http://publications.europa.eu/resource/authority/fd_070/PRIN","General provisions, Principles, objectives and tasks of the Treaties","","",12002E/TXT,http://data.europa.eu/eli/treaty/tec_2002/oj,celex:12002E/TXT,"http://publications.europa.eu/resource/celex/12002E%2FTXT, http://publications.europa.eu/resource/eli/treaty/tec_2002/oj",http://publications.europa.eu/resource/authority/corporate-body/EUMS15,"The fifteen Member States: Belgium, Denmark, Germany, Ireland, Greece, Spain, France, Italy, Luxembourg, Netherlands, Austria, Portugal, Finland, Sweden, United Kingdom",http://publications.europa.eu/resource/cellar/92222d07-3ada-4801-853e-96210c6bd021,1,"",1,2002-12-24,2016-02-02,1958-01-01,1957-03-25,http://publications.europa.eu/resource/cellar/be5e2d55-4a52-4da9-abaa-4c673c6716b4.0005.02,http://publications.europa.eu/resource/cellar/be5e2d55-4a52-4da9-abaa-4c673c6716b4.0005.01,http://publications.europa.eu/resource/cellar/be5e2d55-4a52-4da9-abaa-4c673c6716b4.0005.02/zip,http://publications.europa.eu/resource/cellar/be5e2d55-4a52-4da9-abaa-4c673c6716b4.0005.01/zip
http://publications.europa.eu/resource/cellar/bf882c81-4319-4800-b90e-a3e82abb0aff,Consolidated version of the Treaty on the Functioning of the European Union,"http://publications.europa.eu/ontology/cdm#resource_legal, http://publications.europa.eu/ontology/cdm#treaty, http://publications.europa.eu/ontology/cdm#work","",http://publications.europa.eu/resource/authority/resource-type/TREATY,Treaty,"","","http://publications.europa.eu/resource/authority/fd_070/DGEN, http://publications.europa.eu/resource/authority/fd_070/PRIN","General provisions, Principles, objectives and tasks of the Treaties","","",12008E/TXT,http://data.europa.eu/eli/treaty/tfeu_2008/oj,celex:12008E/TXT,"http://publications.europa.eu/resource/celex/12008E%2FTXT, http://publications.europa.eu/resource/eli/treaty/tfeu_2008/oj",http://publications.europa.eu/resource/authority/corporate-body/EUMS,The Member States,http://publications.europa.eu/resource/cellar/0dc8c8a7-477a-4cfe-8a74-b8d82429c010,1,"",1,2008-05-09,2014-05-19,1958-01-01,1957-03-25,http://publications.europa.eu/resource/cellar/bf882c81-4319-4800-b90e-a3e82abb0aff.0007.02,http://publications.europa.eu/resource/cellar/bf882c81-4319-4800-b90e-a3e82abb0aff.0007.01,http://publications.europa.eu/resource/cellar/bf882c81-4319-4800-b90e-a3e82abb0aff.0007.02/zip,http://publications.europa.eu/resource/cellar/bf882c81-4319-4800-b90e-a3e82abb0aff.0007.01/zip
http://publications.europa.eu/resource/cellar/c0c63e95-a752-49e4-a88c-6120f5b8230b,Charter of Fundamental Rights of the European Union,"http://publications.europa.eu/ontology/cdm#resource_legal, http://publications.europa.eu/ontology/cdm#treaty, http://publications.europa.eu/ontology/cdm#work","",http://publications.europa.eu/resource/authority/resource-type/TREATY,Treaty,"","",http://publications.europa.eu/resource/authority/fd_070/DDLH,Human rights,"","",12007P/TXT,http://data.europa.eu/eli/treaty/char_2007/oj,celex:12007P/TXT,"http://publications.europa.eu/resource/celex/12007P%2FTXT, http://publications.europa.eu/resource/eli/treaty/char_2007/oj",http://publications.europa.eu/resource/authority/corporate-body/EUMS,The Member States,http://publications.europa.eu/resource/cellar/726ec7cd-7f17-4a57-b53c-d5c71a858f07,1,"",1,2007-12-14,2016-02-02,2009-12-01,2007-12-12,http://publications.europa.eu/resource/cellar/c0c63e95-a752-49e4-a88c-6120f5b8230b.0007.02,http://publications.europa.eu/resource/cellar/c0c63e95-a752-49e4-a88c-6120f5b8230b.0007.03,http://publications.europa.eu/resource/cellar/c0c63e95-a752-49e4-a88c-6120f5b8230b.0007.02/zip,http://publications.europa.eu/resource/cellar/c0c63e95-a752-49e4-a88c-6120f5b8230b.0007.03/zip
http://publications.europa.eu/resource/cellar/c2f67748-091b-49cc-9edf-df08bc2b604b,"Treaty between the Kingdom of Belgium, the Kingdom of Denmark, the Federal Republic of Germany, the French Republic, Ireland, the Italian Republic, the Grand Duchy of Luxembourg, the Kingdom of the Netherlands, the United Kingdom of Great Britain and Northern Ireland (Member States of the European Communities) and the Hellenic Republic concerning the accession of the Hellenic Republic to the European Economic Community and to the European Atomic Energy Community","http://publications.europa.eu/ontology/cdm#resource_legal, http://publications.europa.eu/ontology/cdm#treaty, http://publications.europa.eu/ontology/cdm#work","",http://publications.europa.eu/resource/authority/resource-type/TREATY,Treaty,"","",http://publications.europa.eu/resource/authority/fd_070/ADH,Accession,"","",11979H/TXT,http://data.europa.eu/eli/treaty/acc_1979/sign,celex:11979H/TXT,"http://publications.europa.eu/resource/celex/11979H%2FTXT, http://publications.europa.eu/resource/eli/treaty/acc_1979/sign, http://publications.europa.eu/resource/oj/JOL_1979_291_R_0009_01","http://publications.europa.eu/resource/authority/corporate-body/EUMS9, http://publications.europa.eu/resource/authority/country/GRC","Greece, The nine Member States: Belgium, Denmark, Germany, Ireland, France, Italy, Luxembourg, Netherlands, United Kingdom",http://publications.europa.eu/resource/cellar/5d9b7eaf-818f-44f7-bb2e-5e147afb8ad1,1,"",1,1979-05-28,2014-05-19,1981-01-01,1979-05-28,"http://publications.europa.eu/resource/cellar/c2f67748-091b-49cc-9edf-df08bc2b604b.0003.02, http://publications.europa.eu/resource/cellar/c2f67748-091b-49cc-9edf-df08bc2b604b.0003.04",http://publications.europa.eu/resource/cellar/c2f67748-091b-49cc-9edf-df08bc2b604b.0003.05,"http://publications.europa.eu/resource/cellar/c2f67748-091b-49cc-9edf-df08bc2b604b.0003.02/zip, http://publications.europa.eu/resource/cellar/c2f67748-091b-49cc-9edf-df08bc2b604b.0003.04/zip",http://publications.europa.eu/resource/cellar/c2f67748-091b-49cc-9edf-df08bc2b604b.0003.05/zip
http://publications.europa.eu/resource/cellar/c483a582-2c70-11e6-b497-01aa75ed71a1,Charter of Fundamental Rights of the European Union,"http://publications.europa.eu/ontology/cdm#resource_legal, http://publications.europa.eu/ontology/cdm#treaty, http://publications.europa.eu/ontology/cdm#work","",http://publications.europa.eu/resource/authority/resource-type/TREATY,Treaty,"","","http://publications.europa.eu/resource/authority/fd_070/DDLH, http://publications.europa.eu/resource/authority/fd_070/PRIN","Human rights, Principles, objectives and tasks of the Treaties","","",12016P/TXT,http://data.europa.eu/eli/treaty/char_2016/oj,"celex:12016P/TXT, oj:JOC_2016_202_R_0002","http://publications.europa.eu/resource/celex/12016P%2FTXT, http://publications.europa.eu/resource/eli/treaty/char_2016/oj, http://publications.europa.eu/resource/oj/JOC_2016_202_R_0002",http://publications.europa.eu/resource/authority/corporate-body/EUMS,The Member States,http://publications.europa.eu/resource/cellar/a69feecd-2c6f-11e6-b497-01aa75ed71a1,1,"",1,2016-06-07,"",2009-12-01,2007-12-12,http://publications.europa.eu/resource/cellar/c483a582-2c70-11e6-b497-01aa75ed71a1.0006.01,http://publications.europa.eu/resource/cellar/c483a582-2c70-11e6-b497-01aa75ed71a1.0006.03,http://publications.europa.eu/resource/cellar/c483a582-2c70-11e6-b497-01aa75ed71a1.0006.01/zip,http://publications.europa.eu/resource/cellar/c483a582-2c70-11e6-b497-01aa75ed71a1.0006.03/zip
http://publications.europa.eu/resource/cellar/ccccda77-8ac2-4a25-8e66-a5827ecd3459,Consolidated version of the Treaty on the Functioning of the European Union,"http://publications.europa.eu/ontology/cdm#resource_legal, http://publications.europa.eu/ontology/cdm#treaty, http://publications.europa.eu/ontology/cdm#work","",http://publications.europa.eu/resource/authority/resource-type/TREATY,Treaty,"","",http://publications.europa.eu/resource/authority/fd_070/PRIN,"Principles, objectives and tasks of the Treaties","","",12012E/TXT,http://data.europa.eu/eli/treaty/tfeu_2012/oj,celex:12012E/TXT,"http://publications.europa.eu/resource/celex/12012E%2FTXT, http://publications.europa.eu/resource/eli/treaty/tfeu_2012/oj",http://publications.europa.eu/resource/authority/corporate-body/EUMS,The Member States,http://publications.europa.eu/resource/cellar/e7d644d3-1e8c-11e2-91ce-01aa75ed71a1,1,"",1,2012-10-26,2014-06-18,1958-01-01,1957-03-25,http://publications.europa.eu/resource/cellar/ccccda77-8ac2-4a25-8e66-a5827ecd3459.0034.03,http://publications.europa.eu/resource/cellar/ccccda77-8ac2-4a25-8e66-a5827ecd3459.0034.01,http://publications.europa.eu/resource/cellar/ccccda77-8ac2-4a25-8e66-a5827ecd3459.0034.03/zip,http://publications.europa.eu/resource/cellar/ccccda77-8ac2-4a25-8e66-a5827ecd3459.0034.01/zip
http://publications.europa.eu/resource/cellar/cde6f4f6-139a-4352-aa02-d930947af4d2,Treaty establishing the European Coal and Steel Community,"http://publications.europa.eu/ontology/cdm#resource_legal, http://publications.europa.eu/ontology/cdm#treaty, http://publications.europa.eu/ontology/cdm#work","",http://publications.europa.eu/resource/authority/resource-type/TREATY,Treaty,"","","http://publications.europa.eu/resource/authority/fd_070/DGEN, http://publications.europa.eu/resource/authority/fd_070/PRIN","General provisions, Principles, objectives and tasks of the Treaties","","",11951K/TXT,http://data.europa.eu/eli/treaty/ceca/sign,celex:11951K/TXT,"http://publications.europa.eu/resource/celex/11951K%2FTXT, http://publications.europa.eu/resource/eli/treaty/ceca/sign",http://publications.europa.eu/resource/authority/corporate-body/EUMS6,"The six Member States: Belgium, Germany, France, Italy, Luxembourg, Netherlands","",1,"",0,1951-04-18,2014-07-19,1952-07-23,1951-04-18,"","",/zip,/zip
http://publications.europa.eu/resource/cellar/cdf62e30-dccc-40ea-9584-5ef63ee76871,Treaty on European Union (Consolidated version 2006),"http://publications.europa.eu/ontology/cdm#resource_legal, http://publications.europa.eu/ontology/cdm#treaty, http://publications.europa.eu/ontology/cdm#work","",http://publications.europa.eu/resource/authority/resource-type/TREATY,Treaty,"","","http://publications.europa.eu/resource/authority/fd_070/DGEN, http://publications.europa.eu/resource/authority/fd_070/PRIN","General provisions, Principles, objectives and tasks of the Treaties","","",12006M/TXT,http://data.europa.eu/eli/treaty/teu_2006/oj,celex:12006M/TXT,"http://publications.europa.eu/resource/celex/12006M%2FTXT, http://publications.europa.eu/resource/eli/treaty/teu_2006/oj",http://publications.europa.eu/resource/authority/corporate-body/EUMS,The Member States,http://publications.europa.eu/resource/cellar/63dc2d51-7fa4-4ca7-8a6d-fe314c089dc1,1,"",1,2006-12-29,2014-05-19,1993-11-01,1992-02-07,http://publications.europa.eu/resource/cellar/cdf62e30-dccc-40ea-9584-5ef63ee76871.0006.03,http://publications.europa.eu/resource/cellar/cdf62e30-dccc-40ea-9584-5ef63ee76871.0006.01,http://publications.europa.eu/resource/cellar/cdf62e30-dccc-40ea-9584-5ef63ee76871.0006.03/zip,http://publications.europa.eu/resource/cellar/cdf62e30-dccc-40ea-9584-5ef63ee76871.0006.01/zip
http://publications.europa.eu/resource/cellar/d05d74cf-87cc-4ed9-9d43-28da2ea08f9e,Consolidated version of the Treaty on European Union,"http://publications.europa.eu/ontology/cdm#resource_legal, http://publications.europa.eu/ontology/cdm#treaty, http://publications.europa.eu/ontology/cdm#work","",http://publications.europa.eu/resource/authority/resource-type/TREATY,Treaty,"","","http://publications.europa.eu/resource/authority/fd_070/DGEN, http://publications.europa.eu/resource/authority/fd_070/PRIN","General provisions, Principles, objectives and tasks of the Treaties","","",12008M/TXT,http://data.europa.eu/eli/treaty/teu_2008/oj,celex:12008M/TXT,"http://publications.europa.eu/resource/celex/12008M%2FTXT, http://publications.europa.eu/resource/eli/treaty/teu_2008/oj",http://publications.europa.eu/resource/authority/corporate-body/EUMS,The Member States,http://publications.europa.eu/resource/cellar/0dc8c8a7-477a-4cfe-8a74-b8d82429c010,1,"",1,2008-05-09,2014-05-19,1993-11-01,1992-02-07,http://publications.europa.eu/resource/cellar/d05d74cf-87cc-4ed9-9d43-28da2ea08f9e.0007.02,http://publications.europa.eu/resource/cellar/d05d74cf-87cc-4ed9-9d43-28da2ea08f9e.0007.01,http://publications.europa.eu/resource/cellar/d05d74cf-87cc-4ed9-9d43-28da2ea08f9e.0007.02/zip,http://publications.europa.eu/resource/cellar/d05d74cf-87cc-4ed9-9d43-28da2ea08f9e.0007.01/zip
http://publications.europa.eu/resource/cellar/d09a9050-87b6-4cda-88c5-7a4378f82baa,"Treaty (signed on 12 June 1985) between the Kingdom of Belgium, the Kingdom of Denmark, the Federal Republic of Germany, the Hellenic Republic, the French Republic, Ireland, the Italian Republic, the Grand Duchy of Luxembourg, the Kingdom of the Netherlands, the United Kingdom of Great Britain and Northern Ireland (Member States of the European Communities) and the Kingdom of Spain and the Portuguese Republic concerning the accession of the Kingdom of Spain and the Portuguese Republic to the European Economic Community and to the European Atomic Energy Community","http://publications.europa.eu/ontology/cdm#resource_legal, http://publications.europa.eu/ontology/cdm#treaty, http://publications.europa.eu/ontology/cdm#work","",http://publications.europa.eu/resource/authority/resource-type/TREATY,Treaty,"","",http://publications.europa.eu/resource/authority/fd_070/ADH,Accession,"","",11985I/TXT,http://data.europa.eu/eli/treaty/acc_1985/sign,celex:11985I/TXT,"http://publications.europa.eu/resource/celex/11985I%2FTXT, http://publications.europa.eu/resource/eli/treaty/acc_1985/sign, http://publications.europa.eu/resource/oj/JOL_1985_302_R_0009_121","http://publications.europa.eu/resource/authority/corporate-body/EUMS10, http://publications.europa.eu/resource/authority/country/ESP, http://publications.europa.eu/resource/authority/country/PRT","Portugal, Spain, The ten Member States: Belgium, Denmark, Germany, Ireland, Greece, France, Italy, Luxembourg, Netherlands, United Kingdom",http://publications.europa.eu/resource/cellar/28546a6d-7930-4f52-b17a-752361f7e1bb,1,"",1,1985-06-12,2014-05-19,1986-01-01,1985-06-12,http://publications.europa.eu/resource/cellar/d09a9050-87b6-4cda-88c5-7a4378f82baa.0004.05,http://publications.europa.eu/resource/cellar/d09a9050-87b6-4cda-88c5-7a4378f82baa.0004.06,http://publications.europa.eu/resource/cellar/d09a9050-87b6-4cda-88c5-7a4378f82baa.0004.05/zip,http://publications.europa.eu/resource/cellar/d09a9050-87b6-4cda-88c5-7a4378f82baa.0004.06/zip
http://publications.europa.eu/resource/cellar/d7e8d60b-87e2-4dd4-87fe-f8eed6c170f2,Charter of Fundamental Rights of the European Union,"http://publications.europa.eu/ontology/cdm#resource_legal, http://publications.europa.eu/ontology/cdm#treaty, http://publications.europa.eu/ontology/cdm#work","",http://publications.europa.eu/resource/authority/resource-type/TREATY,Treaty,"","",http://publications.europa.eu/resource/authority/fd_070/DDLH,Human rights,"","",12010P/TXT,http://data.europa.eu/eli/treaty/char_2010/oj,celex:12010P/TXT,"http://publications.europa.eu/resource/celex/12010P%2FTXT, http://publications.europa.eu/resource/eli/treaty/char_2010/oj",http://publications.europa.eu/resource/authority/corporate-body/EUMS,The Member States,http://publications.europa.eu/resource/cellar/04104d68-39df-46f3-b8c1-c7e2e712f6e9,1,"",1,2010-03-30,2016-02-02,2009-12-01,2007-12-12,http://publications.europa.eu/resource/cellar/d7e8d60b-87e2-4dd4-87fe-f8eed6c170f2.0007.02,http://publications.europa.eu/resource/cellar/d7e8d60b-87e2-4dd4-87fe-f8eed6c170f2.0007.01,http://publications.europa.eu/resource/cellar/d7e8d60b-87e2-4dd4-87fe-f8eed6c170f2.0007.02/zip,http://publications.europa.eu/resource/cellar/d7e8d60b-87e2-4dd4-87fe-f8eed6c170f2.0007.01/zip
http://publications.europa.eu/resource/cellar/d8dbe47a-7a6a-43ad-bdde-c3053e310e3b,"Treaty between the Kingdom of Belgium, the Republic of Bulgaria, the Czech Republic, the Kingdom of Denmark, the Federal Republic of Germany, the Republic of Estonia, Ireland, the Hellenic Republic, the Kingdom of Spain, the French Republic, the Italian Republic, the Republic of Cyprus, the Republic of Latvia, the Republic of Lithuania, the Grand Duchy of Luxembourg, the Republic of Hungary, the Republic of Malta, the Kingdom of the Netherlands, the Republic of Austria, the Republic of Poland, the Portuguese Republic, Romania, the Republic of Slovenia, the Slovak Republic, the Republic of Finland, the Kingdom of Sweden, the United Kingdom of Great Britain and Northern Ireland (Member States of the European Union) and the Republic of Croatia concerning the accession of the Republic of Croatia to the European Union","http://publications.europa.eu/ontology/cdm#resource_legal, http://publications.europa.eu/ontology/cdm#treaty, http://publications.europa.eu/ontology/cdm#work","",http://publications.europa.eu/resource/authority/resource-type/TREATY,Treaty,"","","http://publications.europa.eu/resource/authority/fd_070/ADH, http://publications.europa.eu/resource/authority/fd_070/PRIN","Accession, Principles, objectives and tasks of the Treaties","","",12012J/TXT,http://data.europa.eu/eli/treaty/acc_2012/sign,celex:12012J/TXT,"http://publications.europa.eu/resource/celex/12012J%2FTXT, http://publications.europa.eu/resource/eli/treaty/acc_2012/sign","http://publications.europa.eu/resource/authority/corporate-body/EUMS, http://publications.europa.eu/resource/authority/country/HRV","Croatia, The Member States","http://publications.europa.eu/resource/cellar/9f99bb59-4915-11e3-ae03-01aa75ed71a1, http://publications.europa.eu/resource/cellar/f9d946c0-7444-4ab4-931f-6405276e33b6",1,"",1,2011-12-09,2014-06-11,2013-07-01,2011-12-09,"http://publications.europa.eu/resource/cellar/d8dbe47a-7a6a-43ad-bdde-c3053e310e3b.0036.02, http://publications.europa.eu/resource/cellar/d8dbe47a-7a6a-43ad-bdde-c3053e310e3b.0036.04",http://publications.europa.eu/resource/cellar/d8dbe47a-7a6a-43ad-bdde-c3053e310e3b.0036.03,"http://publications.europa.eu/resource/cellar/d8dbe47a-7a6a-43ad-bdde-c3053e310e3b.0036.02/zip, http://publications.europa.eu/resource/cellar/d8dbe47a-7a6a-43ad-bdde-c3053e310e3b.0036.04/zip",http://publications.europa.eu/resource/cellar/d8dbe47a-7a6a-43ad-bdde-c3053e310e3b.0036.03/zip
http://publications.europa.eu/resource/cellar/dcf755e5-34e5-47ee-b053-50e9fc517790,Consolidated version of the Treaty on the Functioning of the European Union,"http://publications.europa.eu/ontology/cdm#resource_legal, http://publications.europa.eu/ontology/cdm#treaty, http://publications.europa.eu/ontology/cdm#work","",http://publications.europa.eu/resource/authority/resource-type/TREATY,Treaty,"","","http://publications.europa.eu/resource/authority/fd_070/DGEN, http://publications.europa.eu/resource/authority/fd_070/PRIN","General provisions, Principles, objectives and tasks of the Treaties","","",12010E/TXT,http://data.europa.eu/eli/treaty/tfeu_2010/oj,celex:12010E/TXT,"http://publications.europa.eu/resource/celex/12010E%2FTXT, http://publications.europa.eu/resource/eli/treaty/tfeu_2010/oj",http://publications.europa.eu/resource/authority/corporate-body/EUMS,The Member States,http://publications.europa.eu/resource/cellar/04104d68-39df-46f3-b8c1-c7e2e712f6e9,1,"",1,2010-03-30,2014-05-19,1958-01-01,1957-03-25,"http://publications.europa.eu/resource/cellar/dcf755e5-34e5-47ee-b053-50e9fc517790.0007.01, http://publications.europa.eu/resource/cellar/dcf755e5-34e5-47ee-b053-50e9fc517790.0007.03","","http://publications.europa.eu/resource/cellar/dcf755e5-34e5-47ee-b053-50e9fc517790.0007.01/zip, http://publications.europa.eu/resource/cellar/dcf755e5-34e5-47ee-b053-50e9fc517790.0007.03/zip",/zip
http://publications.europa.eu/resource/cellar/ea2d271b-40cf-4449-904b-8570e4864b36,Convention to amend the Treaty setting up the European Economic Community with the object of making the special system of Association defined in Part Pour of that Treaty applicable to the Netherlands Antilles,"http://publications.europa.eu/ontology/cdm#resource_legal, http://publications.europa.eu/ontology/cdm#treaty, http://publications.europa.eu/ontology/cdm#work","",http://publications.europa.eu/resource/authority/resource-type/TREATY,Treaty,"","","http://publications.europa.eu/resource/authority/fd_070/CDEV, http://publications.europa.eu/resource/authority/fd_070/PTOM","Development cooperation, Overseas countries and territories","","",11962E/TXT,"",celex:11962E/TXT,http://publications.europa.eu/resource/celex/11962E%2FTXT,http://publications.europa.eu/resource/authority/corporate-body/EUMS6,"The six Member States: Belgium, Germany, France, Italy, Luxembourg, Netherlands",http://publications.europa.eu/resource/cellar/2f4c836f-0e01-4795-9d6e-6265d70a4d9c,1,"",1,1962-11-13,2014-07-19,1964-10-01,1962-11-13,http://publications.europa.eu/resource/cellar/ea2d271b-40cf-4449-904b-8570e4864b36.0006.01,"",http://publications.europa.eu/resource/cellar/ea2d271b-40cf-4449-904b-8570e4864b36.0006.01/zip,/zip
http://publications.europa.eu/resource/cellar/ea956f64-2c70-11e6-b497-01aa75ed71a1,Consolidated version of the Treaty establishing the European Atomic Energy Community,"http://publications.europa.eu/ontology/cdm#resource_legal, http://publications.europa.eu/ontology/cdm#treaty, http://publications.europa.eu/ontology/cdm#work","",http://publications.europa.eu/resource/authority/resource-type/TREATY,Treaty,"","","http://publications.europa.eu/resource/authority/fd_070/DGEN, http://publications.europa.eu/resource/authority/fd_070/NUCL, http://publications.europa.eu/resource/authority/fd_070/PRIN","General provisions, Nuclear common market, Principles, objectives and tasks of the Treaties","","",12016A/TXT,http://data.europa.eu/eli/treaty/euratom_2016/oj,"celex:12016A/TXT, oj:JOC_2016_203_R_0001","http://publications.europa.eu/resource/celex/12016A%2FTXT, http://publications.europa.eu/resource/eli/treaty/euratom_2016/oj, http://publications.europa.eu/resource/oj/JOC_2016_203_R_0001",http://publications.europa.eu/resource/authority/corporate-body/EUMS,The Member States,http://publications.europa.eu/resource/cellar/0ac5c00f-2c70-11e6-b497-01aa75ed71a1,1,"",1,2016-06-07,"",1958-01-01,1957-03-25,http://publications.europa.eu/resource/cellar/ea956f64-2c70-11e6-b497-01aa75ed71a1.0006.01,http://publications.europa.eu/resource/cellar/ea956f64-2c70-11e6-b497-01aa75ed71a1.0006.03,http://publications.europa.eu/resource/cellar/ea956f64-2c70-11e6-b497-01aa75ed71a1.0006.01/zip,http://publications.europa.eu/resource/cellar/ea956f64-2c70-11e6-b497-01aa75ed71a1.0006.03/zip
http://publications.europa.eu/resource/cellar/f99b00a3-81d5-4ffa-84cb-ff00468bb9fe,Treaty on European Union (consolidated version 1997),"http://publications.europa.eu/ontology/cdm#resource_legal, http://publications.europa.eu/ontology/cdm#treaty, http://publications.europa.eu/ontology/cdm#work","",http://publications.europa.eu/resource/authority/resource-type/TREATY,Treaty,"","","http://publications.europa.eu/resource/authority/fd_070/DGEN, http://publications.europa.eu/resource/authority/fd_070/PRIN","General provisions, Principles, objectives and tasks of the Treaties","","",11997M/TXT,http://data.europa.eu/eli/treaty/teu_1997/oj,celex:11997M/TXT,"http://publications.europa.eu/resource/celex/11997M%2FTXT, http://publications.europa.eu/resource/eli/treaty/teu_1997/oj",http://publications.europa.eu/resource/authority/corporate-body/EUMS15,"The fifteen Member States: Belgium, Denmark, Germany, Ireland, Greece, Spain, France, Italy, Luxembourg, Netherlands, Austria, Portugal, Finland, Sweden, United Kingdom",http://publications.europa.eu/resource/cellar/d0515efd-34d6-4c8e-96be-ea9a1b76a9e2,1,VIG1O; #MAN1; PAG10147; #BAS1O; #,1,1997-11-10,2014-07-19,1993-11-01,1992-02-07,http://publications.europa.eu/resource/cellar/f99b00a3-81d5-4ffa-84cb-ff00468bb9fe.0005.02,http://publications.europa.eu/resource/cellar/f99b00a3-81d5-4ffa-84cb-ff00468bb9fe.0005.04,http://publications.europa.eu/resource/cellar/f99b00a3-81d5-4ffa-84cb-ff00468bb9fe.0005.02/zip,http://publications.europa.eu/resource/cellar/f99b00a3-81d5-4ffa-84cb-ff00468bb9fe.0005.04/zip
